año,atenciones,matricula,tasa_por_1000,tasa_por_500,porcentaje_poblacion,orientadores_necesarios,carga_por_orientador
2019,264470,1312216.0,201.5445627853951,100.77228139269755,20.15445627853951,2624.432,100.77228139269755
2020,212674,1306724.0,162.7535730575087,81.37678652875435,16.27535730575087,2613.448,81.37678652875435
2021,248291,1263840.0,196.4576212178757,98.22881060893785,19.64576212178757,2527.68,98.22881060893785
2022,322601,1237299.0,260.7300256445693,130.36501282228465,26.07300256445693,2474.598,130.36501282228468
2023,359035,1214728.0,295.56822597322196,147.78411298661098,29.556822597322196,2429.456,147.78411298661098
2024,265130,1175068.0,225.62949548451664,112.81474774225832,22.562949548451662,2350.136,112.81474774225832
